文件名,scale,max_memory_reserved (GB),max_memory_allocated (GB),策略后平均 epoch 时间 (s)
Cricketcheckmate_bs64_1.0scale.log,1.0,14.419921875,13.18478012084961,0.3976960778236389
Cricketcheckmate_bs64_1.2scale.log,1.2,16.685546875,12.441640853881836,0.5749251842498779
Cricketcheckmate_bs64_1.4scale.log,1.4,17.59375,14.41793155670166,0.7599828541278839
Cricketcheckmate_bs64_1.6scale.log,1.6,20.3671875,15.999751567840576,0.9820905923843384
Cricketcheckmate_bs64_1.8scale.log,1.8,20.8125,16.784335136413574,1.2502572536468506
Cricketcheckmate_bs64_2.0scale.log,2.0,21.728515625,19.009697437286377,1.5277594923973083
